Auto,Guidatore,Partenza (Da dove),Destinazione,Stato,Capienza Totale,Posti Occupati,Posti Liberi,Note / Passeggeri
Auto 1 - Swiss Express (Palladius),Riccardo Carlesso,Svizzera (Zurigo),"Ai Dossi (Conselice, RA)",Confermata,5,4,1,Famiglia Palladiana (4 persone). Carica di cioccolato svizzero.
Auto 2 - Solothurn Express,Paolo Pizzorni,Svizzera (Oberbuchsiten),"Ai Dossi (Conselice, RA)",Confermata,5,3,2,Famiglia Pizzorni (3 persone) in arrivo da Oberbuchsiten (CH).
Auto 3 - Shuttle Patrignani,Andrea Patrignani,Svizzera (Zurigo / Fano),"Ai Dossi (Conselice, RA)",Confermata,5,2,3,Andrea Patrignani (2 persone confermate).
Auto 4 - Carovana Karaoke,Naser,Bologna,"Ai Dossi (Conselice, RA)",Confermata,5,4,1,"Alessandro Tacchini, Guido Marchigiani, Naser (+ Federico Guernelli in forse). Microfoni caldi!"
Auto 5 - Torino Express,Lord O,Torino,"Ai Dossi (Conselice, RA)",In Forse,5,3,2,Partenza ore 14:00 circa via A21 / A14 per arrivo con doccia e relax.
Auto 6 - Torino (Dario),Dario,Torino,"Ai Dossi (Conselice, RA)",In Forse,2,2,0,Macchina da 2 persone in arrivo da Torino con Dario.
Auto 7 - Grifone Express,Sonanimalo,Perugia,"Ai Dossi (Conselice, RA)",In Forse,5,3,2,In risalita E45 dagli Appennini umbri con specialità locali.
Auto 8 - Riviera Express,Andrea Degli Angeli,Rimini / San Marino,"Ai Dossi (Conselice, RA)",In Forse,5,2,3,Andrea Degli Angeli + Francesco Bullini (Parigi -> Rimini -> Conselice).
Auto 9 - Abruzzo Express,Fabio Mattei,Raiano (AQ),"Ai Dossi (Conselice, RA)",In Forse,5,1,4,Risalita A14 Adriatica per Fabio Mattei (colonna sonora 500 Miles).
